,to_step,Percentage,avg_time_spent,Variation
0,step_1,98.13090654532726,31,Test
1,step_2,85.23626181309065,41,Test
2,step_3,76.62233111655583,88,Test
3,confirm,63.98319915995799,110,Test
0,error,9.699726706772957,196,Test
