,to_step,Percentage,avg_time_spent,Variation
0,step_1,83.51569856164161,0 days 00:00:56.984656210,Test
1,step_2,70.93412123770251,0 days 00:00:41.813417548,Test
2,step_3,63.84622877366149,0 days 00:01:30.230584275,Test
3,confirm,53.87512581577324,0 days 00:01:50.698065449,Test
4,error,7.760498144228705,0 days 00:02:24.306587615,Test
