,to_step,Percentage,avg_time_spent,Variation
0,step_1,73.50930697234199,0 days 00:01:04.276945972,Control
1,step_2,61.38044659445438,0 days 00:00:37.193225006,Control
2,step_3,54.7972096610229,0 days 00:01:33.193533460,Control
3,confirm,46.187822063308445,0 days 00:02:14.721029065,Control
0,error,5.414974348011971,0 days 00:01:57.116456945,Control
