,to_step,Percentage,avg_time_spent,Variation
0,step_1,98.13090654532726,0 days 00:00:31.081051905,Test
1,step_2,85.23626181309065,0 days 00:00:41.677151055,Test
2,step_3,76.62233111655583,0 days 00:01:28.609721820,Test
3,confirm,63.98319915995799,0 days 00:01:50.920850367,Test
0,error,9.699726706772957,0 days 00:03:16.825276802,Test
