,to_step,Percentage,avg_time_spent,Variation
0,step_1,98.13090654532726,31,Test
1,step_2,85.23626181309065,41,Test
2,step_3,76.62233111655583,88,Test
3,confirm,63.98319915995799,110,Test
0,error,9.699726706772957,196,Test
0,step_1,97.98680284117177,37,Control
1,step_2,84.19703274072207,36,Control
2,step_3,75.90467784642541,90,Control
3,confirm,63.9053503131173,134,Control
0,error,7.903245120344869,174,Control
