,Step,Percentage
0,start,100.0
1,step_1,83.51569856164161
2,step_2,70.93412123770251
3,step_3,63.84622877366149
4,confirm,53.87512581577324
