,to_step,Percentage
0,step_1,98.13090654532726
1,step_2,85.23626181309065
2,step_3,76.62233111655583
3,confirm,63.98319915995799
