,Step,Percentage
0,start,100.0
1,step_1,73.50930697234199
2,step_2,61.38044659445438
3,step_3,54.7972096610229
4,confirm,46.187822063308445
