,to_step,Percentage
0,step_1,97.98680284117177
1,step_2,84.19703274072207
2,step_3,75.90467784642541
3,confirm,63.9053503131173
